{"Bangalore_Chennai_Business": 52436.91539467946, "Bangalore_Chennai_Economy": 7105.953849890697, "Bangalore_Delhi_Business": 48144.33710824335, "Bangalore_Delhi_Economy": 6124.897981725073, "Bangalore_Hyderabad_Business": 50395.79694757797, "Bangalore_Hyderabad_Economy": 6360.141697666554, "Bangalore_Kolkata_Business": 58854.69309137217, "Bangalore_Kolkata_Economy": 7375.638594453318, "Bangalore_Mumbai_Business": 58024.618207816966, "Bangalore_Mumbai_Economy": 6381.093331808303, "Chennai_Bangalore_Business": 53113.008692216514, "Chennai_Bangalore_Economy": 7175.020191822312, "Chennai_Delhi_Business": 52443.367242012486, "Chennai_Delhi_Economy": 6075.9611898017, "Chennai_Hyderabad_Business": 51559.87428298279, "Chennai_Hyderabad_Economy": 5960.788830715533, "Chennai_Kolkata_Business": 57078.89587242026, "Chennai_Kolkata_Economy": 7547.295815295815, "Chennai_Mumbai_Business": 56223.83808587348, "Chennai_Mumbai_Economy": 6529.119452839192, "Delhi_Bangalore_Business": 48576.027921406414, "Delhi_Bangalore_Economy": 6175.622535488959, "Delhi_Chennai_Business": 52031.77809890816, "Delhi_Chennai_Economy": 6102.317244977824, "Delhi_Hyderabad_Business": 44457.376774663266, "Delhi_Hyderabad_Economy": 6031.164260750646, "Delhi_Kolkata_Business": 56239.85365853659, "Delhi_Kolkata_Economy": 7045.621677836839, "Delhi_Mumbai_Business": 44364.442811381195, "Delhi_Mumbai_Economy": 6059.826086956522, "Hyderabad_Bangalore_Business": 50358.290706319705, "Hyderabad_Bangalore_Economy": 6234.882649109218, "Hyderabad_Chennai_Business": 51132.155287817935, "Hyderabad_Chennai_Economy": 6049.884930187771, "Hyderabad_Delhi_Business": 44250.70028123744, "Hyderabad_Delhi_Economy": 6072.29665946485, "Hyderabad_Kolkata_Business": 53729.15776188473, "Hyderabad_Kolkata_Economy": 6881.680392156863, "Hyderabad_Mumbai_Business": 52184.424666449726, "Hyderabad_Mumbai_Economy": 5969.259905592905, "Kolkata_Bangalore_Business": 58681.10443686007, "Kolkata_Bangalore_Economy": 7471.62199013635, "Kolkata_Chennai_Business": 56502.77503493246, "Kolkata_Chennai_Economy": 8011.74522858411, "Kolkata_Delhi_Business": 55047.49219330855, "Kolkata_Delhi_Economy": 7161.400076765609, "Kolkata_Hyderabad_Business": 54732.44790777114, "Kolkata_Hyderabad_Economy": 7489.144374437444, "Kolkata_Mumbai_Business": 57422.55172413793, "Kolkata_Mumbai_Economy": 7405.787239294089, "Mumbai_Bangalore_Business": 57970.54438860971, "Mumbai_Bangalore_Economy": 6432.511945784517, "Mumbai_Chennai_Business": 55703.32619684805, "Mumbai_Chennai_Economy": 6420.917984335747, "Mumbai_Delhi_Business": 43846.32927316294, "Mumbai_Delhi_Economy": 5889.281399857157, "Mumbai_Hyderabad_Business": 51593.64367816092, "Mumbai_Hyderabad_Economy": 5774.89113018598, "Mumbai_Kolkata_Business": 57106.526384535005, "Mumbai_Kolkata_Economy": 7227.9717346706175}